{"cameraMode":{"drawMode":0,"name":"Shaded","section":"Shading Mode"},"sceneLighting":false,"audioPlay":false,"sceneViewState":{"showFog":true,"showMaterialUpdate":false,"showSkybox":true,"showFlares":true,"showImageEffects":true,"showParticleSystems":true},"in2DMode":false,"pivot":{"x":25.937824249267579,"y":0.7179547548294067,"z":15.583946228027344},"rotation":{"x":-0.2879261076450348,"y":-0.6003298163414002,"z":0.24529865384101869,"w":-0.704649806022644},"size":6.5664143562316898,"orthographic":false}