{"cameraMode":{"drawMode":0,"name":"Shaded","section":"Shading Mode"},"sceneLighting":false,"audioPlay":false,"sceneViewState":{"showFog":true,"showMaterialUpdate":false,"showSkybox":true,"showFlares":true,"showImageEffects":true,"showParticleSystems":true},"in2DMode":false,"pivot":{"x":22.611909866333009,"y":-0.16283369064331056,"z":16.125690460205079},"rotation":{"x":-0.19751769304275514,"y":0.5997633934020996,"z":-0.15596294403076173,"w":-0.7595698237419128},"size":5.998954772949219,"orthographic":false}