{"cameraMode":{"drawMode":0,"name":"Shaded","section":"Shading Mode"},"sceneLighting":false,"audioPlay":false,"sceneViewState":{"showFog":true,"showMaterialUpdate":false,"showSkybox":true,"showFlares":true,"showImageEffects":true,"showParticleSystems":true},"in2DMode":false,"pivot":{"x":25.61802101135254,"y":0.7604093551635742,"z":15.07498550415039},"rotation":{"x":-0.1802833378314972,"y":0.6827665567398071,"z":-0.17973551154136659,"w":-0.6848524212837219},"size":0.7331611514091492,"orthographic":false}