{"cameraMode":{"drawMode":0,"name":"Shaded","section":"Shading Mode"},"sceneLighting":false,"audioPlay":false,"sceneViewState":{"showFog":true,"showMaterialUpdate":false,"showSkybox":true,"showFlares":true,"showImageEffects":true,"showParticleSystems":true},"in2DMode":false,"pivot":{"x":88.51571655273438,"y":40.55633544921875,"z":63.626407623291019},"rotation":{"x":-0.45199650526046755,"y":-0.1994832158088684,"z":0.10446232557296753,"w":-0.8631299138069153},"size":159.4614715576172,"orthographic":false}