{"cameraMode":{"drawMode":0,"name":"Shaded","section":"Shading Mode"},"sceneLighting":false,"audioPlay":false,"sceneViewState":{"showFog":true,"showMaterialUpdate":false,"showSkybox":false,"showFlares":true,"showImageEffects":true,"showParticleSystems":true},"in2DMode":false,"pivot":{"x":1.5348749160766602,"y":0.5709999799728394,"z":1.1200000047683716},"rotation":{"x":-0.009904907085001469,"y":-0.003627180587500334,"z":0.00003507846486172639,"w":-0.9999444484710693},"size":1.5017706155776978,"orthographic":false}