{"cameraMode":{"drawMode":0,"name":"Shaded","section":"Shading Mode"},"sceneLighting":false,"audioPlay":false,"sceneViewState":{"showFog":true,"showMaterialUpdate":false,"showSkybox":true,"showFlares":true,"showImageEffects":true,"showParticleSystems":true},"in2DMode":false,"pivot":{"x":25.028162002563478,"y":5.188953399658203,"z":18.10076141357422},"rotation":{"x":-0.009904907085001469,"y":-0.003627180587500334,"z":0.00003507846486172639,"w":-0.9999444484710693},"size":-54.80682373046875,"orthographic":false}