{"cameraMode":{"drawMode":0,"name":"Shaded","section":"Shading Mode"},"sceneLighting":false,"audioPlay":false,"sceneViewState":{"showFog":true,"showMaterialUpdate":false,"showSkybox":true,"showFlares":true,"showImageEffects":true,"showParticleSystems":true},"in2DMode":false,"pivot":{"x":307.8368225097656,"y":969.747314453125,"z":711.483154296875},"rotation":{"x":-0.04355072230100632,"y":0.9527970552444458,"z":-0.25081905722618105,"w":-0.1654416024684906},"size":96.41153717041016,"orthographic":false}