{"cameraMode":{"drawMode":0,"name":"Shaded","section":"Shading Mode"},"sceneLighting":false,"audioPlay":false,"sceneViewState":{"showFog":true,"showMaterialUpdate":false,"showSkybox":true,"showFlares":true,"showImageEffects":true,"showParticleSystems":true},"in2DMode":false,"pivot":{"x":26.142227172851564,"y":1.2614784240722657,"z":17.44805145263672},"rotation":{"x":0.06165280193090439,"y":0.06165377423167229,"z":-0.0038154772482812406,"w":0.9961843490600586},"size":7.746181011199951,"orthographic":false}