{"cameraMode":{"drawMode":0,"name":"Shaded","section":"Shading Mode"},"sceneLighting":false,"audioPlay":false,"sceneViewState":{"showFog":true,"showMaterialUpdate":false,"showSkybox":false,"showFlares":true,"showImageEffects":true,"showParticleSystems":true},"in2DMode":false,"pivot":{"x":-6.144999980926514,"y":0.13499999046325684,"z":9.694999694824219},"rotation":{"x":-0.2270205169916153,"y":0.6967359185218811,"z":-0.24992039799690247,"w":-0.6328986287117004},"size":40.213623046875,"orthographic":false}